<?xml version="1.0" encoding="UTF-8"?>
<beans xmlns:xsi="http://www.w3.org/2001/XMLSchema-instance"
	xmlns:context="http://www.springframework.org/schema/context"
	xmlns="http://www.springframework.org/schema/beans"
	xsi:schemaLocation="http://www.springframework.org/schema/context http://www.springframework.org/schema/context/spring-context-4.3.xsd
		http://www.springframework.org/schema/beans http://www.springframework.org/schema/beans/spring-beans.xsd">

	<context:property-placeholder location="classpath:database/jdbc.properties"/>
	
	<!-- DB연결 -->
	<bean id="dataSource" class="org.apache.commons.dbcp.BasicDataSource">
		<property name="driverClassName" value="${jdbc.driverClassName}"/>
		<property name="url" value ="${jdbc.url}"/>
		<property name="username" value ="${jdbc.username}"/>
		<property name="password" value = "${jdbc.password}"/>
	</bean>

	<!-- JSBC templete쓸 예정 -->
	<bean id="jdbcTemplate" class="org.springframework.jdbc.core.JdbcTemplate">
		<property name="dataSource"  ref="dataSource"/>
	</bean>
	
	<!-- 각 bean들 어디에 있는지 scan -->
	<context:component-scan base-package="com.project.MyZeneration_spring/*"/>
	
</beans>

